CHANNEL|TGL|START_TIME|END_TIME|NAMA_BRAND|SLOT_NAME|PRICE|NET_PRICE|ADVERTISER|AGENCY|PO_NUMBER|STATUS|PROVIDER
AXNC|03/12/2018|23:29:06|23:29:21|GG CORPORATE,GG MOVE GENERIC 15S|PRIME|3000000|450000|PT GUDANG GARAM TBK|PT QUANTUM PRATAMA MEDIA|TEL 780/ADS000/DTV A1010300/2018|Play|UseeTV
AXNC|03/12/2018|23:28:31|23:29:01|DJARUM SUPER MLD,AIRTAG PALM SPRING 30S|PRIME|3000000|937500|PT DJARUM|MEGAPRO|TEL 690/ADS000/DTV A1010300/2018|Play|UseeTV
AXNC|03/12/2018|22:47:02|22:47:32|DJARUM SUPER MLD,AIRTAG PALM SPRING 30S|PRIME|3000000|937500|PT DJARUM|MEGAPRO|TEL 690/ADS000/DTV A1010300/2018|Play|UseeTV
AXNC|03/12/2018|22:37:05|22:37:20|LA ICE,KING OF ICE REV 15S|PRIME|3000000|450000|PT DJARUM|MEGAPRO|TEL 662/ADS000/DTV A1010300/2018|Play|UseeTV
AXNC|03/12/2018|22:36:20|22:36:35|GG CORPORATE,GG MOVE GENERIC 15S|PRIME|3000000|450000|PT GUDANG GARAM TBK|PT QUANTUM PRATAMA MEDIA|TEL 780/ADS000/DTV A1010300/2018|Play|UseeTV
AXNC|03/12/2018|21:52:32|21:52:47|GG CORPORATE,GG MOVE GENERIC 15S|PRIME|3000000|450000|PT GUDANG GARAM TBK|PT QUANTUM PRATAMA MEDIA|TEL 780/ADS000/DTV A1010300/2018|Play|UseeTV
AXNC|03/12/2018|21:52:02|21:52:32|TELKOMSEL NARU,RESOLUSI MENANG AKHIR TAHUN 30S|PRIME|3000000|500000|TELKOMSEL|MD MEDIA|TEL 731/ADS000/DTV A1010300/2018|Play|UseeTV
AXNC|03/12/2018|21:51:47|21:52:02|LA ICE,KING OF ICE REV 15S|PRIME|3000000|450000|PT DJARUM|MEGAPRO|TEL 662/ADS000/DTV A1010300/2018|Play|UseeTV
AXNC|03/12/2018|21:43:47|21:44:02|LA ICE,KING OF ICE REV 15S|PRIME|3000000|450000|PT DJARUM|MEGAPRO|TEL 662/ADS000/DTV A1010300/2018|Play|UseeTV
AXNC|03/12/2018|21:43:17|21:43:32|LA ICE,KING OF ICE REV 15S|PRIME|3000000|450000|PT DJARUM|MEGAPRO|TEL 662/ADS000/DTV A1010300/2018|Play|UseeTV
AXNC|03/12/2018|11:42:58|11:43:28|TELKOMSEL NARU,RESOLUSI MENANG AKHIR TAHUN 30S|PRIME|3000000|500000|TELKOMSEL|MD MEDIA|TEL 731/ADS000/DTV A1010300/2018|Play|UseeTV
AXNC|03/12/2018|14:36:21|14:36:36|FIESTA,TUGAS KELOMPOK 15S|ROS|700000|204567|PT PRIMAFOOD INTERNATIONAL|DWISAPTA|TEL 766/ADS000/DTV A1010300/2018|Play|UseeTV
AXNC|03/12/2018|12:36:49|12:37:19|HONDA BRIO,BREAK OUT BREAK FREE 30S|ROS|700000|330189|PT HONDA PROSPEK MOTOR|PT ACTIVATE|TEL 682/ADS000/DTV A1010300/2018|Play|UseeTV
BEI1|03/12/2018|20:20:07|20:20:37|MIE SEDAAP,REJUVENATE THEMATIC 30S|PRIME|4000000|1250000|PT KARUNIA ALAM SEGAR|BINTANG PRATAMA|TEL 785/ADS000/DTV A1010300/2018|Play|UseeTV
BEI1|03/12/2018|19:58:37|19:59:07|IFLIX,ALONG WITH THE GODS|PRIME|4000000|800495|PT KANTOR PERWAKILAN INDONESIA IFLIX SDN.BHD|PT KANTOR PERWAKILAN INDONESIA IFLIX SDN.BHD|TEL 776/ADS000/DTV A1010300/2018|Play|UseeTV
BEI1|03/12/2018|19:58:07|19:58:37|MIE SEDAAP,REJUVENATE THEMATIC 30S|PRIME|4000000|1250000|PT KARUNIA ALAM SEGAR|BINTANG PRATAMA|TEL 785/ADS000/DTV A1010300/2018|Play|UseeTV
BEI1|03/12/2018|19:04:46|19:05:01|MIE SEDAAP CUP,BASKETBALL MATHING GORENG D2 15S|PRIME|4000000|750000|GROUP WINGS|BINTANG PRATAMA|TEL 788/ADS000/DTV A1010300/2018|Play|UseeTV
BEI1|03/12/2018|19:04:01|19:04:31|MIE SEDAAP,REJUVENATE THEMATIC 30S|PRIME|4000000|1250000|PT KARUNIA ALAM SEGAR|BINTANG PRATAMA|TEL 785/ADS000/DTV A1010300/2018|Play|UseeTV
BEI1|03/12/2018|18:09:57|18:10:12|MIE SEDAAP CUP,BASKETBALL MATHING GORENG D2 15S|PRIME|4000000|750000|GROUP WINGS|BINTANG PRATAMA|TEL 788/ADS000/DTV A1010300/2018|Play|UseeTV
BEI1|03/12/2018|18:09:27|18:09:57|MIE SEDAAP,REJUVENATE THEMATIC 30S|PRIME|4000000|1250000|PT KARUNIA ALAM SEGAR|BINTANG PRATAMA|TEL 785/ADS000/DTV A1010300/2018|Play|UseeTV
BEI1|03/12/2018|18:09:12|18:09:27|MIE SEDAAP CUP,BASKETBALL MATHING GORENG D2 15S|PRIME|4000000|750000|GROUP WINGS|BINTANG PRATAMA|TEL 788/ADS000/DTV A1010300/2018|Play|UseeTV
BEI1|03/12/2018|17:57:51|17:58:06|MIE SEDAAP CUP,BASKETBALL MATHING GORENG D2 15S|PRIME|4000000|750000|GROUP WINGS|BINTANG PRATAMA|TEL 788/ADS000/DTV A1010300/2018|Play|UseeTV
BEI1|03/12/2018|17:57:21|17:57:51|MIE SEDAAP,REJUVENATE THEMATIC 30S|PRIME|4000000|1250000|PT KARUNIA ALAM SEGAR|BINTANG PRATAMA|TEL 785/ADS000/DTV A1010300/2018|Play|UseeTV
BEI1|03/12/2018|17:57:06|17:57:21|MIE SEDAAP CUP,BASKETBALL MATHING GORENG D2 15S|PRIME|4000000|750000|GROUP WINGS|BINTANG PRATAMA|TEL 788/ADS000/DTV A1010300/2018|Play|UseeTV
BEI1|03/12/2018|17:44:22|17:44:52|MANDIRI,MANDIRI KPR 30S|PRIME|4000000|500000|PT. BANK MANDIRI PERSERO|DWISAPTA|TEL 765/ADS000/DTV A1010300/2018|Play|UseeTV
BEI1|03/12/2018|17:43:52|17:44:22|PEGI PEGI,PEGIPEGI TERBANG HARGA OK 30 REV|PRIME|4000000|400000|PT. GO ONLINE DESTINATIONS|WPP|TEL 742/ADS000/DTV A1010300/2018|Play|UseeTV
BEI1|03/12/2018|17:28:23|17:28:38|POP MIE,GAGAL MENANG WITH RT PEDES GLEDEK 15S|PRIME|4000000|300300|PT. INDOFOOD CBP SUKSES MAKMUR TBK|PT. HAVAS ARENA INDONESIA|TEL 784/ADS000/DTV A1010300/2018|Play|UseeTV
BEI1|03/12/2018|17:27:53|17:28:23|ASTRA,ROSMIATI 30S|PRIME|4000000|4000000|PT. ASTRA INTERNATIONAL|PT OPTIMA MEDIA DINAMIKA|TEL 698/ADS000/DTV A1010300/2018|Play|UseeTV
BEI1|03/12/2018|17:27:38|17:27:53|PEGI PEGI,PEGIPEGI BANYAK PILIHAN HOTEL REV 15S|PRIME|4000000|240000|PT. GO ONLINE DESTINATIONS|WPP|TEL 741/ADS000/DTV A1010300/2018|Play|UseeTV
BEI1|03/12/2018|16:35:17|16:35:32|MIE SEDAAP CUP,BASKETBALL MATHING GORENG D2 15S|PRIME|4000000|750000|GROUP WINGS|BINTANG PRATAMA|TEL 788/ADS000/DTV A1010300/2018|Play|UseeTV
BEI1|03/12/2018|15:33:20|15:33:35|MIE SEDAAP CUP,BASKETBALL MATHING GORENG D2 15S|PRIME|4000000|750000|GROUP WINGS|BINTANG PRATAMA|TEL 788/ADS000/DTV A1010300/2018|Play|UseeTV
BEI1|03/12/2018|15:32:35|15:32:50|MIE SEDAAP CUP,BASKETBALL MATHING GORENG D2 15S|PRIME|4000000|750000|GROUP WINGS|BINTANG PRATAMA|TEL 788/ADS000/DTV A1010300/2018|Play|UseeTV
BEI1|03/12/2018|14:37:10|14:37:25|MIE SEDAAP CUP,BASKETBALL MATHING GORENG D2 15S|PRIME|4000000|750000|GROUP WINGS|BINTANG PRATAMA|TEL 788/ADS000/DTV A1010300/2018|Play|UseeTV
BEI1|03/12/2018|14:36:25|14:36:40|MIE SEDAAP CUP,BASKETBALL MATHING GORENG D2 15S|PRIME|4000000|750000|GROUP WINGS|BINTANG PRATAMA|TEL 788/ADS000/DTV A1010300/2018|Play|UseeTV
BEI1|03/12/2018|11:37:27|11:37:57|MIE SEDAAP,REJUVENATE THEMATIC 30S|PRIME|4000000|1250000|PT KARUNIA ALAM SEGAR|BINTANG PRATAMA|TEL 785/ADS000/DTV A1010300/2018|Play|UseeTV
BEI1|03/12/2018|11:23:58|11:24:28|MIE SEDAAP,REJUVENATE THEMATIC 30S|PRIME|4000000|1250000|PT KARUNIA ALAM SEGAR|BINTANG PRATAMA|TEL 785/ADS000/DTV A1010300/2018|Play|UseeTV
BEI1|03/12/2018|11:07:24|11:07:54|MIE SEDAAP,REJUVENATE THEMATIC 30S|PRIME|4000000|1250000|PT KARUNIA ALAM SEGAR|BINTANG PRATAMA|TEL 785/ADS000/DTV A1010300/2018|Play|UseeTV
BEI1|03/12/2018|10:13:26|10:13:56|MIE SEDAAP,REJUVENATE THEMATIC 30S|PRIME|4000000|1250000|PT KARUNIA ALAM SEGAR|BINTANG PRATAMA|TEL 785/ADS000/DTV A1010300/2018|Play|UseeTV
BEI1|03/12/2018|09:15:35|09:15:50|POP MIE,GAGAL MENANG WITH RT PEDES GLEDEK 15S|PRIME|4000000|300300|PT. INDOFOOD CBP SUKSES MAKMUR TBK|PT. HAVAS ARENA INDONESIA|TEL 784/ADS000/DTV A1010300/2018|Play|UseeTV
BEI1|03/12/2018|09:15:05|09:15:35|IFLIX,ALONG WITH THE GODS|PRIME|4000000|800495|PT KANTOR PERWAKILAN INDONESIA IFLIX SDN.BHD|PT KANTOR PERWAKILAN INDONESIA IFLIX SDN.BHD|TEL 776/ADS000/DTV A1010300/2018|Play|UseeTV
BEI1|03/12/2018|08:23:02|08:23:32|MIE SEDAAP,REJUVENATE THEMATIC 30S|PRIME|4000000|1250000|PT KARUNIA ALAM SEGAR|BINTANG PRATAMA|TEL 785/ADS000/DTV A1010300/2018|Play|UseeTV
BEI1|03/12/2018|13:37:04|13:37:19|MIE SEDAAP MENDADAK MIE, ENDING LOGO BLIBLI 15S|ROS|700000|300000|GROUP WINGS|BINTANG PRATAMA|TEL 787/ADS000/DTV A1010300/2018|Play|UseeTV
BEI1|03/12/2018|13:36:19|13:36:34|MIE SEDAAP MENDADAK MIE, ENDING LOGO BLIBLI 15S|ROS|700000|300000|GROUP WINGS|BINTANG PRATAMA|TEL 787/ADS000/DTV A1010300/2018|Play|UseeTV
BEI1|03/12/2018|12:41:40|12:42:10|MIE SEDAAP MENDADAK MIE,MIE SEDAAP MENDADAK MI 30S ENDING LOGO BLIBLI|ROS|700000|250000|GROUP WINGS|BINTANG PRATAMA|TEL 787/ADS000/DTV A1010300/2018|Play|UseeTV
BEI1|03/12/2018|11:50:23|11:50:38|MIE SEDAAP, SEMANGKOK SEMANGAT JOJO 15S|ROS|700000|600000|GROUP WINGS|BINTANG PRATAMA|TEL 787/ADS000/DTV A1010300/2018|Play|UseeTV
BEI1|03/12/2018|11:49:38|11:49:53|MIE SEDAAP, SEMANGKOK SEMANGAT JOJO 15S|ROS|700000|600000|GROUP WINGS|BINTANG PRATAMA|TEL 787/ADS000/DTV A1010300/2018|Play|UseeTV
BEI1|03/12/2018|11:37:57|11:38:12|MIE SEDAAP, SEMANGKOK SEMANGAT JOJO 15S|ROS|700000|600000|GROUP WINGS|BINTANG PRATAMA|TEL 787/ADS000/DTV A1010300/2018|Play|UseeTV
BEI1|03/12/2018|11:37:12|11:37:27|MIE SEDAAP, SEMANGKOK SEMANGAT JOJO 15S|ROS|700000|600000|GROUP WINGS|BINTANG PRATAMA|TEL 787/ADS000/DTV A1010300/2018|Play|UseeTV
BEI1|03/12/2018|11:24:28|11:24:58|MIE SEDAAP, SEMANGKOK SEMANGAT JOJO 30S|ROS|700000|750000|GROUP WINGS|BINTANG PRATAMA|TEL 787/ADS000/DTV A1010300/2018|Play|UseeTV
BEI1|03/12/2018|11:07:54|11:08:24|MIE SEDAAP, SEMANGKOK SEMANGAT JOJO 30S|ROS|700000|750000|GROUP WINGS|BINTANG PRATAMA|TEL 787/ADS000/DTV A1010300/2018|Play|UseeTV
BEI1|03/12/2018|10:13:56|10:14:26|MIE SEDAAP, SEMANGKOK SEMANGAT JOJO 30S|ROS|700000|750000|GROUP WINGS|BINTANG PRATAMA|TEL 787/ADS000/DTV A1010300/2018|Play|UseeTV
BEI1|03/12/2018|09:14:50|09:15:05|PEGI PEGI,PEGIPEGI TERBANG HARGA OK REV 15 S|ROS|700000|240000|PT. GO ONLINE DESTINATIONS|WPP|TEL 741/ADS000/DTV A1010300/2018|Play|UseeTV
BEI2|03/12/2018|21:50:54|21:51:09|LA ICE,KING OF ICE REV 15S|PRIME|4000000|250285|PT DJARUM|MEGAPRO|TEL 662/ADS000/DTV A1010300/2018|Play|UseeTV
BEI2|03/12/2018|18:03:01|18:03:31|PEGI PEGI,PEGIPEGI BANYAK PILIHAN HOTEL 30 REV|PRIME|4000000|400000|PT. GO ONLINE DESTINATIONS|WPP|TEL 742/ADS000/DTV A1010300/2018|Play|UseeTV
BEI2|03/12/2018|17:07:31|17:08:01|IFLIX,ALONG WITH THE GODS|PRIME|4000000|800495|PT KANTOR PERWAKILAN INDONESIA IFLIX SDN.BHD|PT KANTOR PERWAKILAN INDONESIA IFLIX SDN.BHD|TEL 776/ADS000/DTV A1010300/2018|Play|UseeTV
BEI2|03/12/2018|17:07:16|17:07:31|PEGI PEGI,PEGIPEGI TERBANG HARGA OK REV 15 S|PRIME|4000000|240000|PT. GO ONLINE DESTINATIONS|WPP|TEL 741/ADS000/DTV A1010300/2018|Play|UseeTV
BEI2|03/12/2018|08:25:08|08:25:38|IFLIX,ALONG WITH THE GODS|PRIME|4000000|800495|PT KANTOR PERWAKILAN INDONESIA IFLIX SDN.BHD|PT KANTOR PERWAKILAN INDONESIA IFLIX SDN.BHD|TEL 776/ADS000/DTV A1010300/2018|Play|UseeTV
BEI2|03/12/2018|08:24:53|08:25:08|PEGI PEGI,PEGIPEGI BANYAK PILIHAN HOTEL REV 15S|ROS|700000|240000|PT. GO ONLINE DESTINATIONS|WPP|TEL 741/ADS000/DTV A1010300/2018|Play|UseeTV
BEI3|03/12/2018|22:14:24|22:14:39|LA ICE,KING OF ICE REV 15S|PRIME|4000000|250285|PT DJARUM|MEGAPRO|TEL 662/ADS000/DTV A1010300/2018|Play|UseeTV
BEI3|03/12/2018|17:15:15|17:15:45|IFLIX,ALONG WITH THE GODS|PRIME|4000000|800495|PT KANTOR PERWAKILAN INDONESIA IFLIX SDN.BHD|PT KANTOR PERWAKILAN INDONESIA IFLIX SDN.BHD|TEL 776/ADS000/DTV A1010300/2018|Play|UseeTV
BEI3|03/12/2018|09:01:18|09:01:48|IFLIX,ALONG WITH THE GODS|PRIME|4000000|800495|PT KANTOR PERWAKILAN INDONESIA IFLIX SDN.BHD|PT KANTOR PERWAKILAN INDONESIA IFLIX SDN.BHD|TEL 776/ADS000/DTV A1010300/2018|Play|UseeTV
BEI3|03/12/2018|01:59:48|02:00:18|DJARUM SUPER MLD,AIRTAG PALM SPRING 30S|PRIME|4000000|801630|PT DJARUM|MEGAPRO|TEL 690/ADS000/DTV A1010300/2018|Play|UseeTV
CNBC|03/12/2018|09:08:24|09:08:54|ASTRA,ROSMIATI 30S SD|ROS|700000|1000000|PT. ASTRA INTERNATIONAL|PT OPTIMA MEDIA DINAMIKA|TEL 698/ADS000/DTV A1010300/2018|Play|UseeTV
CNNI|03/12/2018|22:53:43|22:54:13|DJARUM SUPER MLD,AIRTAG PALM SPRING 30S|PRIME|4000000|468750|PT DJARUM|MEGAPRO|TEL 690/ADS000/DTV A1010300/2018|Play|UseeTV
CNNI|03/12/2018|22:30:52|22:31:22|CLASS MILD,PURE TASTE 30S|PRIME|4000000|500000|PT. NOJORONO TOBACCO INTERNASIONAL|PT CURSOR MEDIA|TEL 729/ADS000/DTV A1010300/2018|Play|UseeTV
CNNI|03/12/2018|21:12:49|21:13:19|MANDIRI,MANDIRI PAYROLL 30S|PRIME|4000000|1500000|PT. BANK MANDIRI PERSERO|DWISAPTA|TEL 772/ADS000/DTV A1010300/2018|Play|UseeTV
CNNI|03/12/2018|20:21:30|20:22:00|MANDIRI,MANDIRI PAYROLL 30S|PRIME|4000000|1500000|PT. BANK MANDIRI PERSERO|DWISAPTA|TEL 772/ADS000/DTV A1010300/2018|Play|UseeTV
CNNI|03/12/2018|19:14:12|19:14:42|IFLIX,ALONG WITH THE GODS|PRIME|4000000|800495|PT KANTOR PERWAKILAN INDONESIA IFLIX SDN.BHD|PT KANTOR PERWAKILAN INDONESIA IFLIX SDN.BHD|TEL 776/ADS000/DTV A1010300/2018|Play|UseeTV
CNNI|03/12/2018|19:13:42|19:14:12|MANDIRI,MANDIRI PAYROLL 30S|PRIME|4000000|1500000|PT. BANK MANDIRI PERSERO|DWISAPTA|TEL 772/ADS000/DTV A1010300/2018|Play|UseeTV
CNNI|03/12/2018|18:22:26|18:22:56|PEGI PEGI,PEGIPEGI TERBANG HARGA OK 30 REV|PRIME|4000000|400000|PT. GO ONLINE DESTINATIONS|WPP|TEL 742/ADS000/DTV A1010300/2018|Play|UseeTV
CNNI|03/12/2018|18:21:56|18:22:26|HAKUHODO, DRAMA PERCINTAAN 30S|PRIME|4000000|800000|PT HARDANA WIDYA MAHIR|PT. INTER PARIWARA GLOBAL|TEL 717/ADS000/DTV A1010300/2018|Play|UseeTV
CNNI|03/12/2018|17:23:15|17:23:30|PEGI PEGI,PEGIPEGI TERBANG HARGA OK REV 15 S|PRIME|4000000|240000|PT. GO ONLINE DESTINATIONS|WPP|TEL 741/ADS000/DTV A1010300/2018|Play|UseeTV
CNNI|03/12/2018|17:22:45|17:23:15|HAKUHODO, DRAMA PERCINTAAN 30S|PRIME|4000000|800000|PT HARDANA WIDYA MAHIR|PT. INTER PARIWARA GLOBAL|TEL 717/ADS000/DTV A1010300/2018|Play|UseeTV
CNNI|03/12/2018|09:21:03|09:21:33|IFLIX,ALONG WITH THE GODS|PRIME|4000000|800495|PT KANTOR PERWAKILAN INDONESIA IFLIX SDN.BHD|PT KANTOR PERWAKILAN INDONESIA IFLIX SDN.BHD|TEL 776/ADS000/DTV A1010300/2018|Play|UseeTV
CNNI|03/12/2018|09:20:48|09:21:03|PEGI PEGI,PEGIPEGI BANYAK PILIHAN HOTEL REV 15S|ROS|700000|240000|PT. GO ONLINE DESTINATIONS|WPP|TEL 741/ADS000/DTV A1010300/2018|Play|UseeTV
CRTN|03/12/2018|19:11:29|19:11:44|PRORIS, SPACESHIP 15S|PRIME|3000000|370370|PT. PHAROS|DIRECT PT. PHAROS|TEL 778/ADS000/DTV A1010300/2018|Play|UseeTV
CRTN|03/12/2018|18:38:35|18:38:50|PRORIS, SPACESHIP 15S|PRIME|3000000|370370|PT. PHAROS|DIRECT PT. PHAROS|TEL 778/ADS000/DTV A1010300/2018|Play|UseeTV
CRTN|03/12/2018|15:13:55|15:14:10|PRORIS, SPACESHIP 15S|PRIME|3000000|370370|PT. PHAROS|DIRECT PT. PHAROS|TEL 778/ADS000/DTV A1010300/2018|Play|UseeTV
CRTN|03/12/2018|14:34:14|14:34:29|PRORIS, SPACESHIP 15S|PRIME|3000000|370370|PT. PHAROS|DIRECT PT. PHAROS|TEL 778/ADS000/DTV A1010300/2018|Play|UseeTV
CRTN|03/12/2018|08:43:22|08:43:37|FIESTA,TUGAS KELOMPOK 15S|ROS|700000|204567|PT PRIMAFOOD INTERNATIONAL|DWISAPTA|TEL 766/ADS000/DTV A1010300/2018|Play|UseeTV
FAMV|03/12/2018|22:56:10|22:56:25|MIE SEDAAP CUP,BASKETBALL MATHING GORENG D2 15S|PRIME|4000000|750000|GROUP WINGS|BINTANG PRATAMA|TEL 788/ADS000/DTV A1010300/2018|Play|UseeTV
FAMV|03/12/2018|22:55:40|22:55:55|MIE SEDAAP CUP,BASKETBALL MATHING GORENG D2 15S|PRIME|4000000|750000|GROUP WINGS|BINTANG PRATAMA|TEL 788/ADS000/DTV A1010300/2018|Play|UseeTV
FAMV|03/12/2018|19:15:40|19:15:55|LACTOGROW, LACTOGROW 3DAN4 HAPPY SONG 15S|PRIME|4000000|5400000|NESTLE|MINDSHARE|TEL 782/ADS000/DTV A1010300/2018|Play|UseeTV
FAMV|03/12/2018|19:14:55|19:15:10|LACTOGROW, LACTOGROW 3DAN4 HAPPY SONG 15S|PRIME|4000000|5400000|NESTLE|MINDSHARE|TEL 782/ADS000/DTV A1010300/2018|Play|UseeTV
FAMV|03/12/2018|17:06:51|17:07:06|LACTOGROW, LACTOGROW 3DAN4 HAPPY SONG 15S|PRIME|4000000|5400000|NESTLE|MINDSHARE|TEL 782/ADS000/DTV A1010300/2018|Play|UseeTV
FAMV|03/12/2018|17:06:36|17:06:51|POP MIE,GAGAL MENANG WITH RT PEDES GLEDEK 15S|PRIME|4000000|300300|PT. INDOFOOD CBP SUKSES MAKMUR TBK|PT. HAVAS ARENA INDONESIA|TEL 784/ADS000/DTV A1010300/2018|Play|UseeTV
FAMV|03/12/2018|10:15:53|10:16:08|LACTOGROW, LACTOGROW 3DAN4 HAPPY SONG 15S|PRIME|4000000|5400000|NESTLE|MINDSHARE|TEL 782/ADS000/DTV A1010300/2018|Play|UseeTV
FAMV|03/12/2018|10:15:08|10:15:23|LACTOGROW, LACTOGROW 3DAN4 HAPPY SONG 15S|PRIME|4000000|5400000|NESTLE|MINDSHARE|TEL 782/ADS000/DTV A1010300/2018|Play|UseeTV
FAMV|03/12/2018|07:35:48|07:36:03|LACTOGROW, LACTOGROW 3DAN4 HAPPY SONG 15S|PRIME|4000000|5400000|NESTLE|MINDSHARE|TEL 782/ADS000/DTV A1010300/2018|Play|UseeTV
FAMV|03/12/2018|07:35:33|07:35:48|POP MIE,GAGAL MENANG WITH RT PEDES GLEDEK 15S|PRIME|4000000|300300|PT. INDOFOOD CBP SUKSES MAKMUR TBK|PT. HAVAS ARENA INDONESIA|TEL 784/ADS000/DTV A1010300/2018|Play|UseeTV
FAMV|03/12/2018|22:55:55|22:56:10|MIE SEDAAP MENDADAK MIE, ENDING LOGO BLIBLI 15S|ROS|700000|300000|GROUP WINGS|BINTANG PRATAMA|TEL 787/ADS000/DTV A1010300/2018|Play|UseeTV
FAMV|03/12/2018|22:55:25|22:55:40|MIE SEDAAP, SEMANGKOK SEMANGAT JOJO 15S|ROS|700000|600000|GROUP WINGS|BINTANG PRATAMA|TEL 787/ADS000/DTV A1010300/2018|Play|UseeTV
FAMV|03/12/2018|19:15:10|19:15:40|MIE SEDAAP, SEMANGKOK SEMANGAT JOJO 30S|ROS|700000|750000|GROUP WINGS|BINTANG PRATAMA|TEL 787/ADS000/DTV A1010300/2018|Play|UseeTV
FAMV|03/12/2018|17:07:06|17:07:36|MIE SEDAAP MENDADAK MIE,MIE SEDAAP MENDADAK MI 30S ENDING LOGO BLIBLI|ROS|700000|250000|GROUP WINGS|BINTANG PRATAMA|TEL 787/ADS000/DTV A1010300/2018|Play|UseeTV
FAMV|03/12/2018|10:15:23|10:15:53|MIE SEDAAP, SEMANGKOK SEMANGAT JOJO 30S|ROS|700000|750000|GROUP WINGS|BINTANG PRATAMA|TEL 787/ADS000/DTV A1010300/2018|Play|UseeTV
FAMV|03/12/2018|07:36:03|07:36:33|MIE SEDAAP, SEMANGKOK SEMANGAT JOJO 30S|ROS|700000|750000|GROUP WINGS|BINTANG PRATAMA|TEL 787/ADS000/DTV A1010300/2018|Play|UseeTV
FFMV|03/12/2018|18:58:04|18:58:19|PRORIS, SPACESHIP 15S|PRIME|3000000|370370|PT. PHAROS|DIRECT PT. PHAROS|TEL 778/ADS000/DTV A1010300/2018|Play|UseeTV
FFMV|03/12/2018|18:57:19|18:57:34|PRORIS, SPACESHIP 15S|PRIME|3000000|370370|PT. PHAROS|DIRECT PT. PHAROS|TEL 778/ADS000/DTV A1010300/2018|Play|UseeTV
FFMV|03/12/2018|17:23:16|17:23:46|IFLIX,ALONG WITH THE GODS|PRIME|3000000|800495|PT KANTOR PERWAKILAN INDONESIA IFLIX SDN.BHD|PT KANTOR PERWAKILAN INDONESIA IFLIX SDN.BHD|TEL 776/ADS000/DTV A1010300/2018|Play|UseeTV
FFMV|03/12/2018|07:58:18|07:58:33|PRORIS, SPACESHIP 15S|PRIME|3000000|370370|PT. PHAROS|DIRECT PT. PHAROS|TEL 778/ADS000/DTV A1010300/2018|Play|UseeTV
FFMV|03/12/2018|07:57:48|07:58:18|IFLIX,ALONG WITH THE GODS|PRIME|3000000|800495|PT KANTOR PERWAKILAN INDONESIA IFLIX SDN.BHD|PT KANTOR PERWAKILAN INDONESIA IFLIX SDN.BHD|TEL 776/ADS000/DTV A1010300/2018|Play|UseeTV
FFMV|03/12/2018|07:57:33|07:57:48|PRORIS, SPACESHIP 15S|PRIME|3000000|370370|PT. PHAROS|DIRECT PT. PHAROS|TEL 778/ADS000/DTV A1010300/2018|Play|UseeTV
FMVP|03/12/2018|21:48:07|21:48:22|MIE SEDAAP CUP,BASKETBALL MATHING GORENG D2 15S|PRIME|4000000|750000|GROUP WINGS|BINTANG PRATAMA|TEL 788/ADS000/DTV A1010300/2018|Play|UseeTV
FMVP|03/12/2018|21:47:37|21:48:07|IFLIX,ALONG WITH THE GODS|PRIME|4000000|800495|PT KANTOR PERWAKILAN INDONESIA IFLIX SDN.BHD|PT KANTOR PERWAKILAN INDONESIA IFLIX SDN.BHD|TEL 776/ADS000/DTV A1010300/2018|Play|UseeTV
FMVP|03/12/2018|21:47:07|21:47:37|MANDIRI, MANDIRI BISNIS 30S|PRIME|4000000|1558443|PT. BANK MANDIRI PERSERO|DWISAPTA|TEL 773/ADS000/DTV A1010300/2018|Play|UseeTV
FMVP|03/12/2018|21:46:52|21:47:07|MIE SEDAAP CUP,BASKETBALL MATHING GORENG D2 15S|PRIME|4000000|750000|GROUP WINGS|BINTANG PRATAMA|TEL 788/ADS000/DTV A1010300/2018|Play|UseeTV
FMVP|03/12/2018|21:46:22|21:46:52|MANDIRI,MANDIRI PAYROLL 30S|PRIME|4000000|1500000|PT. BANK MANDIRI PERSERO|DWISAPTA|TEL 772/ADS000/DTV A1010300/2018|Play|UseeTV
FMVP|03/12/2018|19:56:35|19:57:05|MANDIRI, MANDIRI BISNIS 30S|PRIME|4000000|1558443|PT. BANK MANDIRI PERSERO|DWISAPTA|TEL 773/ADS000/DTV A1010300/2018|Play|UseeTV
FMVP|03/12/2018|19:55:05|19:55:35|MANDIRI,MANDIRI PAYROLL 30S|PRIME|4000000|1500000|PT. BANK MANDIRI PERSERO|DWISAPTA|TEL 772/ADS000/DTV A1010300/2018|Play|UseeTV
FMVP|03/12/2018|17:22:28|17:22:43|POP MIE,GAGAL MENANG WITH RT PEDES GLEDEK 15S|PRIME|4000000|300300|PT. INDOFOOD CBP SUKSES MAKMUR TBK|PT. HAVAS ARENA INDONESIA|TEL 784/ADS000/DTV A1010300/2018|Play|UseeTV
FMVP|03/12/2018|17:21:58|17:22:28|MANDIRI, MANDIRI BISNIS 30S|PRIME|4000000|1558443|PT. BANK MANDIRI PERSERO|DWISAPTA|TEL 773/ADS000/DTV A1010300/2018|Play|UseeTV
FMVP|03/12/2018|17:21:28|17:21:58|HAKUHODO, DRAMA PERCINTAAN 30S|PRIME|4000000|400000|PT HARDANA WIDYA MAHIR|PT. INTER PARIWARA GLOBAL|TEL 717/ADS000/DTV A1010300/2018|Play|UseeTV
FMVP|03/12/2018|17:20:58|17:21:28|MANDIRI,MANDIRI PAYROLL 30S|PRIME|4000000|1500000|PT. BANK MANDIRI PERSERO|DWISAPTA|TEL 772/ADS000/DTV A1010300/2018|Play|UseeTV
FMVP|03/12/2018|17:20:43|17:20:58|FIESTA,TUGAS KELOMPOK 15S|PRIME|4000000|204567|PT PRIMAFOOD INTERNATIONAL|DWISAPTA|TEL 766/ADS000/DTV A1010300/2018|Play|UseeTV
FMVP|03/12/2018|14:56:10|14:57:10|WINGS CORP,WINGS CORPORATE 2018 60S|PRIME|4000000|3000000|PT. WINGS SURYA|BINTANG PRATAMA|TEL 786/ADS000/DTV A1010300/2018|Play|UseeTV
FMVP|03/12/2018|14:55:25|14:55:55|MIE SEDAAP,REJUVENATE THEMATIC 30S|PRIME|4000000|1250000|PT KARUNIA ALAM SEGAR|BINTANG PRATAMA|TEL 785/ADS000/DTV A1010300/2018|Play|UseeTV
FMVP|03/12/2018|12:46:29|12:47:29|WINGS CORP,WINGS CORPORATE 2018 60S|PRIME|4000000|3000000|PT. WINGS SURYA|BINTANG PRATAMA|TEL 786/ADS000/DTV A1010300/2018|Play|UseeTV
FMVP|03/12/2018|10:22:05|10:22:20|MIE SEDAAP CUP,BASKETBALL MATHING GORENG D2 15S|PRIME|4000000|750000|GROUP WINGS|BINTANG PRATAMA|TEL 788/ADS000/DTV A1010300/2018|Play|UseeTV
FMVP|03/12/2018|10:21:35|10:22:05|MIE SEDAAP,REJUVENATE THEMATIC 30S|PRIME|4000000|1250000|PT KARUNIA ALAM SEGAR|BINTANG PRATAMA|TEL 785/ADS000/DTV A1010300/2018|Play|UseeTV
FMVP|03/12/2018|10:20:35|10:21:35|WINGS CORP,WINGS CORPORATE 2018 60S|PRIME|4000000|3000000|PT. WINGS SURYA|BINTANG PRATAMA|TEL 786/ADS000/DTV A1010300/2018|Play|UseeTV
FMVP|03/12/2018|10:20:20|10:20:35|MIE SEDAAP CUP,BASKETBALL MATHING GORENG D2 15S|PRIME|4000000|750000|GROUP WINGS|BINTANG PRATAMA|TEL 788/ADS000/DTV A1010300/2018|Play|UseeTV
FMVP|03/12/2018|07:57:46|07:58:01|POP MIE,GAGAL MENANG WITH RT PEDES GLEDEK 15S|PRIME|4000000|300300|PT. INDOFOOD CBP SUKSES MAKMUR TBK|PT. HAVAS ARENA INDONESIA|TEL 784/ADS000/DTV A1010300/2018|Play|UseeTV
FMVP|03/12/2018|07:57:16|07:57:46|IFLIX,ALONG WITH THE GODS|PRIME|4000000|800495|PT KANTOR PERWAKILAN INDONESIA IFLIX SDN.BHD|PT KANTOR PERWAKILAN INDONESIA IFLIX SDN.BHD|TEL 776/ADS000/DTV A1010300/2018|Play|UseeTV
FMVP|03/12/2018|07:56:01|07:56:16|POP MIE,GAGAL MENANG WITH RT PEDES GLEDEK 15S|PRIME|4000000|300300|PT. INDOFOOD CBP SUKSES MAKMUR TBK|PT. HAVAS ARENA INDONESIA|TEL 784/ADS000/DTV A1010300/2018|Play|UseeTV
FMVP|03/12/2018|06:03:33|06:04:03|MIE SEDAAP,REJUVENATE THEMATIC 30S|PRIME|4000000|1250000|PT KARUNIA ALAM SEGAR|BINTANG PRATAMA|TEL 785/ADS000/DTV A1010300/2018|Play|UseeTV
FMVP|03/12/2018|06:02:33|06:03:33|WINGS CORP,WINGS CORPORATE 2018 60S|PRIME|4000000|3000000|PT. WINGS SURYA|BINTANG PRATAMA|TEL 786/ADS000/DTV A1010300/2018|Play|UseeTV
FMVP|03/12/2018|06:02:04|06:02:34|MIE SEDAAP,REJUVENATE THEMATIC 30S|PRIME|4000000|1250000|PT KARUNIA ALAM SEGAR|BINTANG PRATAMA|TEL 785/ADS000/DTV A1010300/2018|Play|UseeTV
FMVP|03/12/2018|14:55:55|14:56:10|MIE SEDAAP MENDADAK MIE, ENDING LOGO BLIBLI 15S|ROS|700000|300000|GROUP WINGS|BINTANG PRATAMA|TEL 787/ADS000/DTV A1010300/2018|Play|UseeTV
FMVP|03/12/2018|14:55:10|14:55:25|MIE SEDAAP MENDADAK MIE, ENDING LOGO BLIBLI 15S|ROS|700000|300000|GROUP WINGS|BINTANG PRATAMA|TEL 787/ADS000/DTV A1010300/2018|Play|UseeTV
FMVP|03/12/2018|12:47:59|12:48:14|MIE SEDAAP, SEMANGKOK SEMANGAT JOJO 15S|ROS|700000|600000|GROUP WINGS|BINTANG PRATAMA|TEL 787/ADS000/DTV A1010300/2018|Play|UseeTV
FMVP|03/12/2018|12:47:29|12:47:59|MIE SEDAAP MENDADAK MIE,MIE SEDAAP MENDADAK MI 30S ENDING LOGO BLIBLI|ROS|700000|250000|GROUP WINGS|BINTANG PRATAMA|TEL 787/ADS000/DTV A1010300/2018|Play|UseeTV
FMVP|03/12/2018|12:46:14|12:46:29|MIE SEDAAP, SEMANGKOK SEMANGAT JOJO 15S|ROS|700000|600000|GROUP WINGS|BINTANG PRATAMA|TEL 787/ADS000/DTV A1010300/2018|Play|UseeTV
FMVP|03/12/2018|07:56:46|07:57:16|MIE SEDAAP, SEMANGKOK SEMANGAT JOJO 30S|ROS|700000|750000|GROUP WINGS|BINTANG PRATAMA|TEL 787/ADS000/DTV A1010300/2018|Play|UseeTV
FMVP|03/12/2018|07:56:16|07:56:46|MANDIRI,MANDIRI KPR 30S|ROS|700000|500000|PT. BANK MANDIRI PERSERO|DWISAPTA|TEL 765/ADS000/DTV A1010300/2018|Play|UseeTV
FOCH|03/12/2018|23:50:59|23:51:14|GG CORPORATE,GG MOVE GENERIC 15S|PRIME|4000000|450000|PT GUDANG GARAM TBK|PT QUANTUM PRATAMA MEDIA|TEL 780/ADS000/DTV A1010300/2018|NoTone|UseeTV
FOCH|03/12/2018|22:30:26|22:30:41|LA ICE,KING OF ICE REV 15S|PRIME|4000000|450000|PT DJARUM|MEGAPRO|TEL 662/ADS000/DTV A1010300/2018|Play|UseeTV
FOCH|03/12/2018|22:29:26|22:29:41|GG CORPORATE,GG MOVE GENERIC 15S|PRIME|4000000|450000|PT GUDANG GARAM TBK|PT QUANTUM PRATAMA MEDIA|TEL 780/ADS000/DTV A1010300/2018|Play|UseeTV
FOCH|03/12/2018|22:28:42|22:28:57|LA ICE,KING OF ICE REV 15S|PRIME|4000000|450000|PT DJARUM|MEGAPRO|TEL 662/ADS000/DTV A1010300/2018|Play|UseeTV
FOCH|03/12/2018|21:40:13|21:40:28|LA ICE,KING OF ICE REV 15S|PRIME|4000000|450000|PT DJARUM|MEGAPRO|TEL 662/ADS000/DTV A1010300/2018|Play|UseeTV
FOCH|03/12/2018|21:39:28|21:39:43|GG CORPORATE,GG MOVE GENERIC 15S|PRIME|4000000|450000|PT GUDANG GARAM TBK|PT QUANTUM PRATAMA MEDIA|TEL 780/ADS000/DTV A1010300/2018|Play|UseeTV
FOCH|03/12/2018|21:38:43|21:38:58|LA ICE,KING OF ICE REV 15S|PRIME|4000000|450000|PT DJARUM|MEGAPRO|TEL 662/ADS000/DTV A1010300/2018|Play|UseeTV
FOCH|03/12/2018|09:41:17|09:41:47|MANDIRI,MANDIRI KPR 30S|ROS|700000|500000|PT. BANK MANDIRI PERSERO|DWISAPTA|TEL 765/ADS000/DTV A1010300/2018|Play|UseeTV
FOCH|03/12/2018|09:40:47|09:41:17|HONDA BRIO,BREAK OUT BREAK FREE 30S|ROS|700000|330189|PT HONDA PROSPEK MOTOR|PT ACTIVATE|TEL 682/ADS000/DTV A1010300/2018|Play|UseeTV
FOCR|03/12/2018|23:55:38|23:55:53|LA ICE,KING OF ICE REV 15S|PRIME|3000000|450000|PT DJARUM|MEGAPRO|TEL 662/ADS000/DTV A1010300/2018|Play|UseeTV
FOCR|03/12/2018|23:54:38|23:55:08|DJARUM SUPER MLD,AIRTAG PALM SPRING 30S|PRIME|3000000|937500|PT DJARUM|MEGAPRO|TEL 690/ADS000/DTV A1010300/2018|Play|UseeTV
FOCR|03/12/2018|23:53:53|23:54:08|LA ICE,KING OF ICE REV 15S|PRIME|3000000|450000|PT DJARUM|MEGAPRO|TEL 662/ADS000/DTV A1010300/2018|Play|UseeTV
FOCR|03/12/2018|22:17:00|22:17:15|LA ICE,KING OF ICE REV 15S|PRIME|3000000|450000|PT DJARUM|MEGAPRO|TEL 662/ADS000/DTV A1010300/2018|Play|UseeTV
FOCR|03/12/2018|22:16:00|22:16:30|DJARUM SUPER MLD,AIRTAG PALM SPRING 30S|PRIME|3000000|937500|PT DJARUM|MEGAPRO|TEL 690/ADS000/DTV A1010300/2018|Play|UseeTV
FOCR|03/12/2018|22:15:15|22:15:30|LA ICE,KING OF ICE REV 15S|PRIME|3000000|450000|PT DJARUM|MEGAPRO|TEL 662/ADS000/DTV A1010300/2018|Play|UseeTV
FOCR|03/12/2018|09:50:15|09:50:45|ASTRA,ROSMIATI 30S|ROS|700000|700000|PT. ASTRA INTERNATIONAL|PT OPTIMA MEDIA DINAMIKA|TEL 698/ADS000/DTV A1010300/2018|Play|UseeTV
FOXL|03/12/2018|22:54:00|22:54:15|LA ICE,KING OF ICE REV 15S|PRIME|4000000|450000|PT DJARUM|MEGAPRO|TEL 662/ADS000/DTV A1010300/2018|Play|UseeTV
FOXL|03/12/2018|22:52:15|22:52:30|LA ICE,KING OF ICE REV 15S|PRIME|4000000|450000|PT DJARUM|MEGAPRO|TEL 662/ADS000/DTV A1010300/2018|Play|UseeTV
FOXL|03/12/2018|21:59:30|21:59:45|LA ICE,KING OF ICE REV 15S|PRIME|4000000|450000|PT DJARUM|MEGAPRO|TEL 662/ADS000/DTV A1010300/2018|Play|UseeTV
FOXL|03/12/2018|21:57:45|21:58:00|LA ICE,KING OF ICE REV 15S|PRIME|4000000|450000|PT DJARUM|MEGAPRO|TEL 662/ADS000/DTV A1010300/2018|Play|UseeTV
FOXL|03/12/2018|17:04:50|17:05:05|LACTOGROW, LACTOGROW 3DAN4 HAPPY SONG 15S|PRIME|4000000|3600000|NESTLE|MINDSHARE|TEL 782/ADS000/DTV A1010300/2018|Play|UseeTV
FOXL|03/12/2018|17:04:05|17:04:20|LACTOGROW, LACTOGROW 3DAN4 HAPPY SONG 15S|PRIME|4000000|3600000|NESTLE|MINDSHARE|TEL 782/ADS000/DTV A1010300/2018|Play|UseeTV
FOXL|03/12/2018|17:03:35|17:04:05|MANDIRI,MANDIRI KPR 30S|PRIME|4000000|500000|PT. BANK MANDIRI PERSERO|DWISAPTA|TEL 765/ADS000/DTV A1010300/2018|Play|UseeTV
FOXL|03/12/2018|17:03:04|17:03:34|HAKUHODO, DRAMA PERCINTAAN 30S|PRIME|4000000|400000|PT HARDANA WIDYA MAHIR|PT. INTER PARIWARA GLOBAL|TEL 717/ADS000/DTV A1010300/2018|Play|UseeTV
FOXL|03/12/2018|08:49:23|08:49:38|LACTOGROW, LACTOGROW 3DAN4 HAPPY SONG 15S|PRIME|4000000|3600000|NESTLE|MINDSHARE|TEL 782/ADS000/DTV A1010300/2018|Play|UseeTV
FOXL|03/12/2018|08:47:38|08:47:53|LACTOGROW, LACTOGROW 3DAN4 HAPPY SONG 15S|PRIME|4000000|3600000|NESTLE|MINDSHARE|TEL 782/ADS000/DTV A1010300/2018|Play|UseeTV
FSP1|03/12/2018|22:26:46|22:27:16|MANDIRI,MANDIRI PAYROLL 30S|PRIME|3000000|1500000|PT. BANK MANDIRI PERSERO|DWISAPTA|TEL 772/ADS000/DTV A1010300/2018|Play|UseeTV
FSP1|03/12/2018|22:26:31|22:26:46|LA ICE,KING OF ICE REV 15S|PRIME|3000000|450000|PT DJARUM|MEGAPRO|TEL 662/ADS000/DTV A1010300/2018|Play|UseeTV
FSP1|03/12/2018|22:26:01|22:26:31|MANDIRI,MANDIRI KPR 30S|PRIME|3000000|500000|PT. BANK MANDIRI PERSERO|DWISAPTA|TEL 765/ADS000/DTV A1010300/2018|Play|UseeTV
FSP1|03/12/2018|22:25:58|22:26:13|LA ICE,KING OF ICE REV 15S|PRIME|3000000|450000|PT DJARUM|MEGAPRO|TEL 662/ADS000/DTV A1010300/2018|Play|UseeTV
FSP1|03/12/2018|21:49:54|21:50:24|DJARUM SUPER MLD,AIRTAG PALM SPRING 30S|PRIME|3000000|468750|PT DJARUM|MEGAPRO|TEL 690/ADS000/DTV A1010300/2018|Play|UseeTV
FSP1|03/12/2018|21:49:24|21:49:54|MANDIRI, MANDIRI BISNIS 30S|PRIME|3000000|1558443|PT. BANK MANDIRI PERSERO|DWISAPTA|TEL 773/ADS000/DTV A1010300/2018|Play|UseeTV
FSP1|03/12/2018|21:49:09|21:49:24|LA ICE,KING OF ICE REV 15S|PRIME|3000000|450000|PT DJARUM|MEGAPRO|TEL 662/ADS000/DTV A1010300/2018|Play|UseeTV
FSP1|03/12/2018|21:48:39|21:49:09|HAKUHODO, DRAMA PERCINTAAN 30S|PRIME|3000000|400000|PT HARDANA WIDYA MAHIR|PT. INTER PARIWARA GLOBAL|TEL 717/ADS000/DTV A1010300/2018|Play|UseeTV
FSP1|03/12/2018|21:48:36|21:48:51|LA ICE,KING OF ICE REV 15S|PRIME|3000000|450000|PT DJARUM|MEGAPRO|TEL 662/ADS000/DTV A1010300/2018|Play|UseeTV
FSP1|03/12/2018|20:38:11|20:38:41|MANDIRI, MANDIRI BISNIS 30S|PRIME|3000000|1558443|PT. BANK MANDIRI PERSERO|DWISAPTA|TEL 773/ADS000/DTV A1010300/2018|Play|UseeTV
FSP1|03/12/2018|19:48:27|19:48:57|MANDIRI,MANDIRI PAYROLL 30S|PRIME|3000000|1500000|PT. BANK MANDIRI PERSERO|DWISAPTA|TEL 772/ADS000/DTV A1010300/2018|Play|UseeTV
FSP1|03/12/2018|19:26:52|19:27:22|MANDIRI,MANDIRI PAYROLL 30S|PRIME|3000000|1500000|PT. BANK MANDIRI PERSERO|DWISAPTA|TEL 772/ADS000/DTV A1010300/2018|Play|UseeTV
FSP1|03/12/2018|18:49:09|18:49:39|MANDIRI, MANDIRI BISNIS 30S|PRIME|3000000|1558443|PT. BANK MANDIRI PERSERO|DWISAPTA|TEL 773/ADS000/DTV A1010300/2018|Play|UseeTV
KIXC|03/12/2018|22:26:35|22:26:50|LA ICE,KING OF ICE REV 15S|PRIME|3000000|450000|PT DJARUM|MEGAPRO|TEL 662/ADS000/DTV A1010300/2018|Play|UseeTV
KIXC|03/12/2018|22:26:15|22:26:30|LA ICE,KING OF ICE REV 15S|PRIME|3000000|450000|PT DJARUM|MEGAPRO|TEL 662/ADS000/DTV A1010300/2018|Play|UseeTV
KIXC|03/12/2018|22:25:54|22:26:09|LA ICE,KING OF ICE REV 15S|PRIME|3000000|450000|PT DJARUM|MEGAPRO|TEL 662/ADS000/DTV A1010300/2018|Play|UseeTV
KIXC|03/12/2018|22:25:35|22:25:50|LA ICE,KING OF ICE REV 15S|PRIME|3000000|450000|PT DJARUM|MEGAPRO|TEL 662/ADS000/DTV A1010300/2018|Play|UseeTV
KPLS|03/12/2018|18:58:52|18:59:22|IFLIX,ALONG WITH THE GODS|PRIME|3000000|24000000|PT KANTOR PERWAKILAN INDONESIA IFLIX SDN.BHD|PT KANTOR PERWAKILAN INDONESIA IFLIX SDN.BHD|TEL 776/ADS000/DTV A1010300/2018|Play|UseeTV
KPLS|03/12/2018|18:58:37|18:58:52|LACTOGROW, LACTOGROW 3DAN4 HAPPY SONG 15S|PRIME|3000000|3600000|NESTLE|MINDSHARE|TEL 782/ADS000/DTV A1010300/2018|Play|UseeTV
KPLS|03/12/2018|17:58:48|17:59:18|IFLIX,ALONG WITH THE GODS|PRIME|3000000|24000000|PT KANTOR PERWAKILAN INDONESIA IFLIX SDN.BHD|PT KANTOR PERWAKILAN INDONESIA IFLIX SDN.BHD|TEL 776/ADS000/DTV A1010300/2018|Play|UseeTV
KPLS|03/12/2018|17:58:33|17:58:48|LACTOGROW, LACTOGROW 3DAN4 HAPPY SONG 15S|PRIME|3000000|3600000|NESTLE|MINDSHARE|TEL 782/ADS000/DTV A1010300/2018|Play|UseeTV
KPLS|03/12/2018|17:03:44|17:04:14|IFLIX,ALONG WITH THE GODS|PRIME|3000000|24000000|PT KANTOR PERWAKILAN INDONESIA IFLIX SDN.BHD|PT KANTOR PERWAKILAN INDONESIA IFLIX SDN.BHD|TEL 776/ADS000/DTV A1010300/2018|Play|UseeTV
KPLS|03/12/2018|17:03:29|17:03:44|LACTOGROW, LACTOGROW 3DAN4 HAPPY SONG 15S|PRIME|3000000|3600000|NESTLE|MINDSHARE|TEL 782/ADS000/DTV A1010300/2018|Play|UseeTV
KPLS|03/12/2018|14:04:18|14:04:48|IFLIX,ALONG WITH THE GODS|PRIME|3000000|24000000|PT KANTOR PERWAKILAN INDONESIA IFLIX SDN.BHD|PT KANTOR PERWAKILAN INDONESIA IFLIX SDN.BHD|TEL 776/ADS000/DTV A1010300/2018|Play|UseeTV
KPLS|03/12/2018|13:05:27|13:05:57|IFLIX,ALONG WITH THE GODS|PRIME|3000000|24000000|PT KANTOR PERWAKILAN INDONESIA IFLIX SDN.BHD|PT KANTOR PERWAKILAN INDONESIA IFLIX SDN.BHD|TEL 776/ADS000/DTV A1010300/2018|Play|UseeTV
KPLS|03/12/2018|12:05:44|12:06:14|IFLIX,ALONG WITH THE GODS|PRIME|3000000|24000000|PT KANTOR PERWAKILAN INDONESIA IFLIX SDN.BHD|PT KANTOR PERWAKILAN INDONESIA IFLIX SDN.BHD|TEL 776/ADS000/DTV A1010300/2018|Play|UseeTV
KPLS|03/12/2018|11:06:10|11:06:25|LACTOGROW, LACTOGROW 3DAN4 HAPPY SONG 15S|PRIME|3000000|3600000|NESTLE|MINDSHARE|TEL 782/ADS000/DTV A1010300/2018|Play|UseeTV
KPLS|03/12/2018|09:55:25|09:55:40|LACTOGROW, LACTOGROW 3DAN4 HAPPY SONG 15S|PRIME|3000000|3600000|NESTLE|MINDSHARE|TEL 782/ADS000/DTV A1010300/2018|Play|UseeTV
KPLS|03/12/2018|08:58:45|08:59:00|LACTOGROW, LACTOGROW 3DAN4 HAPPY SONG 15S|PRIME|3000000|3600000|NESTLE|MINDSHARE|TEL 782/ADS000/DTV A1010300/2018|Play|UseeTV
NGCH|03/12/2018|17:49:24|17:49:54|IFLIX,ALONG WITH THE GODS|PRIME|4000000|800495|PT KANTOR PERWAKILAN INDONESIA IFLIX SDN.BHD|PT KANTOR PERWAKILAN INDONESIA IFLIX SDN.BHD|TEL 776/ADS000/DTV A1010300/2018|Play|UseeTV
NGCH|03/12/2018|17:16:43|17:16:58|LACTOGROW, LACTOGROW 3DAN4 HAPPY SONG 15S|PRIME|4000000|3600000|NESTLE|MINDSHARE|TEL 782/ADS000/DTV A1010300/2018|Play|UseeTV
NGCH|03/12/2018|17:16:13|17:16:43|MANDIRI,MANDIRI KPR 30S|PRIME|4000000|500000|PT. BANK MANDIRI PERSERO|DWISAPTA|TEL 765/ADS000/DTV A1010300/2018|Play|UseeTV
NGCH|03/12/2018|17:15:58|17:16:13|LACTOGROW, LACTOGROW 3DAN4 HAPPY SONG 15S|PRIME|4000000|3600000|NESTLE|MINDSHARE|TEL 782/ADS000/DTV A1010300/2018|Play|UseeTV
NGCH|03/12/2018|09:58:55|09:59:10|LACTOGROW, LACTOGROW 3DAN4 HAPPY SONG 15S|PRIME|4000000|3600000|NESTLE|MINDSHARE|TEL 782/ADS000/DTV A1010300/2018|Play|UseeTV
NGCH|03/12/2018|09:57:40|09:57:55|LACTOGROW, LACTOGROW 3DAN4 HAPPY SONG 15S|PRIME|4000000|3600000|NESTLE|MINDSHARE|TEL 782/ADS000/DTV A1010300/2018|Play|UseeTV
NGCH|03/12/2018|08:57:25|08:57:55|IFLIX,ALONG WITH THE GODS|PRIME|4000000|800495|PT KANTOR PERWAKILAN INDONESIA IFLIX SDN.BHD|PT KANTOR PERWAKILAN INDONESIA IFLIX SDN.BHD|TEL 776/ADS000/DTV A1010300/2018|Play|UseeTV
NGCH|03/12/2018|09:57:10|09:57:40|ASTRA,ROSMIATI 30S|ROS|700000|3000000|PT. ASTRA INTERNATIONAL|PT OPTIMA MEDIA DINAMIKA|TEL 698/ADS000/DTV A1010300/2018|Play|UseeTV
NGPL|03/12/2018|09:18:54|09:19:09|FIESTA,TUGAS KELOMPOK 15S|ROS|700000|204567|PT PRIMAFOOD INTERNATIONAL|DWISAPTA|TEL 766/ADS000/DTV A1010300/2018|Play|UseeTV
NGWL|03/12/2018|19:29:20|19:29:50|MANDIRI, MANDIRI BISNIS 30S|PRIME|4000000|1558443|PT. BANK MANDIRI PERSERO|DWISAPTA|TEL 773/ADS000/DTV A1010300/2018|Play|UseeTV
NGWL|03/12/2018|18:30:07|18:30:37|IFLIX,ALONG WITH THE GODS|PRIME|4000000|800495|PT KANTOR PERWAKILAN INDONESIA IFLIX SDN.BHD|PT KANTOR PERWAKILAN INDONESIA IFLIX SDN.BHD|TEL 776/ADS000/DTV A1010300/2018|Play|UseeTV
NGWL|03/12/2018|18:29:37|18:30:07|MANDIRI, MANDIRI BISNIS 30S|PRIME|4000000|1558443|PT. BANK MANDIRI PERSERO|DWISAPTA|TEL 773/ADS000/DTV A1010300/2018|Play|UseeTV
NGWL|03/12/2018|18:29:07|18:29:37|HAKUHODO, DRAMA PERCINTAAN 30S|PRIME|4000000|800000|PT HARDANA WIDYA MAHIR|PT. INTER PARIWARA GLOBAL|TEL 717/ADS000/DTV A1010300/2018|Play|UseeTV
NGWL|03/12/2018|17:30:27|17:30:57|MANDIRI, MANDIRI BISNIS 30S|PRIME|4000000|1558443|PT. BANK MANDIRI PERSERO|DWISAPTA|TEL 773/ADS000/DTV A1010300/2018|Play|UseeTV
NGWL|03/12/2018|17:28:57|17:29:27|HAKUHODO, DRAMA PERCINTAAN 30S|PRIME|4000000|800000|PT HARDANA WIDYA MAHIR|PT. INTER PARIWARA GLOBAL|TEL 717/ADS000/DTV A1010300/2018|Play|UseeTV
NGWL|03/12/2018|08:29:16|08:29:46|IFLIX,ALONG WITH THE GODS|PRIME|4000000|800495|PT KANTOR PERWAKILAN INDONESIA IFLIX SDN.BHD|PT KANTOR PERWAKILAN INDONESIA IFLIX SDN.BHD|TEL 776/ADS000/DTV A1010300/2018|Play|UseeTV
SONE|03/12/2018|19:07:26|19:07:41|LACTOGROW, LACTOGROW 3DAN4 HAPPY SONG 15S|PRIME|3000000|3600000|NESTLE|MINDSHARE|TEL 782/ADS000/DTV A1010300/2018|Play|UseeTV
SONE|03/12/2018|18:36:17|18:36:32|LACTOGROW, LACTOGROW 3DAN4 HAPPY SONG 15S|PRIME|3000000|3600000|NESTLE|MINDSHARE|TEL 782/ADS000/DTV A1010300/2018|Play|UseeTV
SONE|03/12/2018|18:19:40|18:19:55|LACTOGROW, LACTOGROW 3DAN4 HAPPY SONG 15S|PRIME|3000000|3600000|NESTLE|MINDSHARE|TEL 782/ADS000/DTV A1010300/2018|Play|UseeTV
SONE|03/12/2018|13:58:40|13:58:55|LACTOGROW, LACTOGROW 3DAN4 HAPPY SONG 15S|PRIME|3000000|3600000|NESTLE|MINDSHARE|TEL 782/ADS000/DTV A1010300/2018|Play|UseeTV
SONE|03/12/2018|11:03:17|11:03:32|LACTOGROW, LACTOGROW 3DAN4 HAPPY SONG 15S|PRIME|3000000|3600000|NESTLE|MINDSHARE|TEL 782/ADS000/DTV A1010300/2018|Play|UseeTV
SONE|03/12/2018|10:31:35|10:31:50|LACTOGROW, LACTOGROW 3DAN4 HAPPY SONG 15S|PRIME|3000000|3600000|NESTLE|MINDSHARE|TEL 782/ADS000/DTV A1010300/2018|Play|UseeTV
FAMV|03/12/2018|20:54:56|20:55:56|WINGS CORP,WINGS CORPORATE 2018 60S|BONUS|0||PT. WINGS SURYA|BINTANG PRATAMA||Play|UseeTV
FAMV|03/12/2018|15:16:37|15:17:37|WINGS CORP,WINGS CORPORATE 2018 60S|BONUS|0||PT. WINGS SURYA|BINTANG PRATAMA||Play|UseeTV
FAMV|03/12/2018|13:15:03|13:16:03|WINGS CORP,WINGS CORPORATE 2018 60S|BONUS|0||PT. WINGS SURYA|BINTANG PRATAMA||Play|UseeTV
FAMV|03/12/2018|11:51:08|11:52:08|WINGS CORP,WINGS CORPORATE 2018 60S|BONUS|0||PT. WINGS SURYA|BINTANG PRATAMA||Play|UseeTV
SONE|03/12/2018|19:31:55|19:32:10|PEGI PEGI,TVC HOTEL TAHUN BARUAN 15S|BONUS|0||PT. GO ONLINE DESTINATIONS|WPP||Play|UseeTV
SONE|03/12/2018|18:36:32|18:37:02|PEGI PEGI,TVC FLIGHT TAHUN BARUAN 30S|BONUS|0||PT. GO ONLINE DESTINATIONS|WPP||Play|UseeTV
SONE|03/12/2018|13:25:23|13:25:38|PEGI PEGI,TVC FLIGHT TAHUN BARUAN 15S|BONUS|0||PT. GO ONLINE DESTINATIONS|WPP||Play|UseeTV
BEI1|03/12/2018|01:16:38|01:17:08|DJARUM SUPER, VOLCANO DAY 30S|BONUS|0||PT DJARUM|MEGAPRO||Play|UseeTV
BEI1|03/12/2018|00:05:06|00:05:36|DJARUM SUPER, VOLCANO DAY 30S|BONUS|0||PT DJARUM|MEGAPRO||Play|UseeTV
AXNC|03/12/2018|22:36:35|22:37:05|PEGI PEGI,TVC HOTEL TAHUN BARUAN 30S|BONUS|0||PT. GO ONLINE DESTINATIONS|WPP||Play|UseeTV
AXNC|03/12/2018|21:43:32|21:43:47|PEGI PEGI,TVC HOTEL TAHUN BARUAN 15S|BONUS|0||PT. GO ONLINE DESTINATIONS|WPP||Play|UseeTV
AXNC|03/12/2018|14:28:00|14:28:15|PEGI PEGI,TVC FLIGHT TAHUN BARUAN 15S|BONUS|0||PT. GO ONLINE DESTINATIONS|WPP||Play|UseeTV
